id,first_name,last_name,email,gender,phone,city
1,Stacie,"Grimmett, IV",sgrimmett0@thetimes.co.uk,Female,+30 (836) 237-1018,Argostólion
2,Rachelle,Morrell,rmorrell1@wp.com,Female,+55 (652) 748-8817,Itapetinga
3,Gunter,Gytesham,ggytesham2@uol.com.br,Male,+62 (370) 788-7576,Bolou
4,Ker,Scrimshire,kscrimshire3@deviantart.com,Male,+420 (383) 199-0794,Luhačovice
5,Kaleb,Petche,kpetche4@aol.com,Male,+48 (115) 898-9908,Bobowa
6,Cris,Clowney,cclowney5@microsoft.com,Male,+86 (222) 772-6210,Zhongtai
7,Harriott,Sawbridge,hsawbridge6@wordpress.com,Female,+212 (683) 848-2839,Bouabout
8,Elia,McGowing,emcgowing7@digg.com,Male,+86 (872) 756-2346,Guizi
9,Bengt,Santi,bsanti8@jimdo.com,Male,+62 (456) 496-8977,Rangmanten
10,Bendite,Aberchirder,baberchirder9@rambler.ru,Female,+62 (981) 602-2015,Duwaktenggi
11,Fionna,Flasby,fflasbya@constantcontact.com,Female,+48 (140) 598-0429,Drogomyśl
12,Lazaro,Waterhowse,lwaterhowseb@wp.com,Male,+51 (508) 653-8621,Amashca
13,Engelbert,Cancelier,ecancelierc@smugmug.com,Male,+82 (284) 670-5471,Daegu
14,Tallia,Kasbye,tkasbyed@unesco.org,Female,+53 (518) 722-5470,Bejucal
15,Tadd,Lambol,tlambole@cocolog-nifty.com,Male,+33 (176) 286-2585,Angoulême